{"cameraMode":{"drawMode":0,"name":"Shaded","section":"Shading Mode"},"sceneLighting":true,"audioPlay":false,"sceneViewState":{"m_AlwaysRefresh":false,"showFog":true,"showSkybox":true,"showFlares":true,"showImageEffects":true,"showParticleSystems":true,"showVisualEffectGraphs":true,"m_FxEnabled":true},"in2DMode":false,"pivot":{"x":1721.9715576171875,"y":920.4117431640625,"z":-11.6478271484375},"rotation":{"x":-0.10660558938980103,"y":0.005067804362624884,"z":-0.0005433940677903593,"w":-0.9942890405654907},"size":256.7965087890625,"orthographic":false}